idx,code,time_key,open,close,high,low,volume,turnover,pe_ratio,turnover_rate,last_close
0,HK.00700,2022-03-31 09:30:00,382.4,382.4,382.4,382.4,469200,179422080.0,0.0,0.0,380.6
1,HK.00700,2022-03-31 09:31:00,381.8,379.2,382.0,378.4,190200,72236370.0,0.0,0.0,382.4
2,HK.00700,2022-03-31 09:32:00,379.2,379.8,379.8,379.0,90200,34202883.5,0.0,0.0,379.2
3,HK.00700,2022-03-31 09:33:00,379.8,379.6,379.8,379.4,56400,21409630.0,0.0,0.0,379.8
4,HK.00700,2022-03-31 09:34:00,379.6,380.8,381.0,379.4,103400,39279460.0,0.0,0.0,379.6
5,HK.00700,2022-03-31 09:35:00,380.8,380.6,381.6,380.6,70300,26789850.0,0.0,0.0,380.8
6,HK.00700,2022-03-31 09:36:00,380.4,377.6,380.4,377.6,104800,39649960.0,0.0,0.0,380.6
7,HK.00700,2022-03-31 09:37:00,377.8,376.8,377.8,376.4,58700,22135380.0,0.0,0.0,377.6
8,HK.00700,2022-03-31 09:38:00,376.8,376.4,377.0,376.2,71600,26968550.0,0.0,0.0,376.8
9,HK.00700,2022-03-31 09:39:00,376.2,377.2,377.2,375.8,68000,25594720.0,0.0,0.0,376.4
10,HK.00700,2022-03-31 09:40:00,376.8,376.8,377.6,376.4,54000,20360120.0,0.0,0.0,377.2
11,HK.00700,2022-03-31 09:41:00,376.6,376.4,376.8,376.2,41900,15774060.0,0.0,0.0,376.8
12,HK.00700,2022-03-31 09:42:00,376.6,376.8,378.4,376.6,84600,31943180.0,0.0,0.0,376.4
13,HK.00700,2022-03-31 09:43:00,376.6,376.8,377.0,376.4,28800,10851380.0,0.0,0.0,376.8
14,HK.00700,2022-03-31 09:44:00,376.8,377.4,377.6,376.6,40800,15386300.0,0.0,0.0,376.8
15,HK.00700,2022-03-31 09:45:00,377.2,377.4,378.0,377.2,51400,19405530.0,0.0,0.0,377.4
16,HK.00700,2022-03-31 09:46:00,377.4,376.8,377.4,376.8,64500,24318840.0,0.0,0.0,377.4
17,HK.00700,2022-03-31 09:47:00,376.8,375.8,377.0,375.6,99600,37468950.0,0.0,0.0,376.8
18,HK.00700,2022-03-31 09:48:00,375.8,375.8,376.0,375.4,30900,11607690.0,0.0,0.0,375.8
19,HK.00700,2022-03-31 09:49:00,375.8,376.0,376.8,375.8,40800,15345830.0,0.0,0.0,375.8
20,HK.00700,2022-03-31 09:50:00,376.0,375.2,376.0,375.2,25300,9501050.0,0.0,0.0,376.0
21,HK.00700,2022-03-31 09:51:00,375.2,376.6,376.6,375.2,79500,29882380.0,0.0,0.0,375.2
22,HK.00700,2022-03-31 09:52:00,376.4,375.4,376.4,375.4,30300,11393770.0,0.0,0.0,376.6
23,HK.00700,2022-03-31 09:53:00,375.6,376.4,376.6,375.4,43600,16398380.0,0.0,0.0,375.4
24,HK.00700,2022-03-31 09:54:00,376.4,375.6,377.0,375.6,46600,17541070.0,0.0,0.0,376.4
25,HK.00700,2022-03-31 09:55:00,375.8,375.6,375.8,375.6,14700,5521730.0,0.0,0.0,375.6
26,HK.00700,2022-03-31 09:56:00,375.6,375.4,375.8,375.2,21600,8111170.0,0.0,0.0,375.6
27,HK.00700,2022-03-31 09:57:00,375.2,375.4,375.4,375.2,46900,17597900.0,0.0,0.0,375.4
28,HK.00700,2022-03-31 09:58:00,375.4,375.0,375.4,374.8,93300,34991320.0,0.0,0.0,375.4
29,HK.00700,2022-03-31 09:59:00,374.8,374.0,375.0,373.8,47100,17629400.0,0.0,0.0,375.0
30,HK.00700,2022-03-31 10:00:00,373.8,374.2,374.6,373.4,120300,44980120.0,0.0,0.0,374.0
31,HK.00700,2022-03-31 10:01:00,374.2,373.2,374.4,373.2,64700,24190910.0,0.0,0.0,374.2
32,HK.00700,2022-03-31 10:02:00,373.2,373.0,373.4,372.6,113200,42222140.0,0.0,0.0,373.2
33,HK.00700,2022-03-31 10:03:00,373.0,373.6,373.6,372.8,37900,14149300.0,0.0,0.0,373.0
34,HK.00700,2022-03-31 10:04:00,373.6,373.6,373.8,373.4,34000,12700920.0,0.0,0.0,373.6
35,HK.00700,2022-03-31 10:05:00,373.4,373.4,373.6,373.2,21500,8027960.0,0.0,0.0,373.6
36,HK.00700,2022-03-31 10:06:00,373.2,373.2,373.8,373.2,33500,12511170.0,0.0,0.0,373.4
37,HK.00700,2022-03-31 10:07:00,373.2,372.8,373.4,372.8,25800,9625020.0,0.0,0.0,373.2
38,HK.00700,2022-03-31 10:08:00,373.0,373.4,373.6,372.8,32700,12199730.0,0.0,0.0,372.8
39,HK.00700,2022-03-31 10:09:00,373.6,373.6,374.0,373.4,62700,23427150.0,0.0,0.0,373.4
40,HK.00700,2022-03-31 10:10:00,373.6,373.0,373.8,372.8,67300,25113470.0,0.0,0.0,373.6
41,HK.00700,2022-03-31 10:11:00,372.8,373.0,373.2,372.8,178500,66578140.0,0.0,0.0,373.0
42,HK.00700,2022-03-31 10:12:00,373.2,373.2,373.6,373.0,44700,16682440.0,0.0,0.0,373.0
43,HK.00700,2022-03-31 10:13:00,373.2,373.6,373.6,373.0,103600,38660570.0,0.0,0.0,373.2
44,HK.00700,2022-03-31 10:14:00,373.4,374.2,374.2,373.4,41900,15658690.0,0.0,0.0,373.6
45,HK.00700,2022-03-31 10:15:00,374.2,374.6,374.6,374.0,41700,15609130.0,0.0,0.0,374.2
46,HK.00700,2022-03-31 10:16:00,374.6,374.2,374.8,374.2,90000,33711050.0,0.0,0.0,374.6
47,HK.00700,2022-03-31 10:17:00,374.2,374.4,374.4,374.0,20000,7483760.0,0.0,0.0,374.2
48,HK.00700,2022-03-31 10:18:00,374.2,374.4,374.4,374.2,14600,5464630.0,0.0,0.0,374.4
49,HK.00700,2022-03-31 10:19:00,374.4,374.8,374.8,374.4,27200,10187480.0,0.0,0.0,374.4
50,HK.00700,2022-03-31 10:20:00,374.8,374.8,374.8,374.6,45200,16940710.0,0.0,0.0,374.8
51,HK.00700,2022-03-31 10:21:00,374.6,374.0,374.8,374.0,119100,44627710.0,0.0,0.0,374.8
52,HK.00700,2022-03-31 10:22:00,374.0,374.2,374.2,374.0,5400,2020410.0,0.0,0.0,374.0
53,HK.00700,2022-03-31 10:23:00,374.2,374.4,374.6,374.2,32200,12052550.0,0.0,0.0,374.2
54,HK.00700,2022-03-31 10:24:00,374.4,374.6,374.6,374.2,17300,6476850.0,0.0,0.0,374.4
55,HK.00700,2022-03-31 10:25:00,374.6,374.6,374.6,374.4,19400,7266670.0,0.0,0.0,374.6
56,HK.00700,2022-03-31 10:26:00,374.6,374.8,374.8,374.4,28200,10566190.0,0.0,0.0,374.6
57,HK.00700,2022-03-31 10:27:00,374.8,374.6,374.8,374.6,6800,2548080.0,0.0,0.0,374.8
58,HK.00700,2022-03-31 10:28:00,374.8,374.4,374.8,374.2,47400,17752850.0,0.0,0.0,374.6
59,HK.00700,2022-03-31 10:29:00,374.6,374.8,374.8,374.4,21700,8128960.0,0.0,0.0,374.4
60,HK.00700,2022-03-31 10:30:00,374.8,374.4,374.8,374.4,25300,9477520.0,0.0,0.0,374.8
61,HK.00700,2022-03-31 10:31:00,374.6,374.6,374.8,374.4,64200,24055830.0,0.0,0.0,374.4
62,HK.00700,2022-03-31 10:32:00,374.6,374.6,374.6,374.4,12200,4569040.0,0.0,0.0,374.6
63,HK.00700,2022-03-31 10:33:00,374.6,374.4,375.2,374.2,91400,34250740.0,0.0,0.0,374.6
64,HK.00700,2022-03-31 10:34:00,374.4,374.4,374.6,374.2,34100,12769570.0,0.0,0.0,374.4
65,HK.00700,2022-03-31 10:35:00,374.6,375.6,375.6,374.6,22800,8552910.0,0.0,0.0,374.4
66,HK.00700,2022-03-31 10:36:00,375.8,375.6,376.0,375.0,79700,29951520.0,0.0,0.0,375.6
67,HK.00700,2022-03-31 10:37:00,375.6,375.6,375.8,375.4,7800,2930130.0,0.0,0.0,375.6
68,HK.00700,2022-03-31 10:38:00,375.8,375.8,376.0,375.8,50500,18986780.0,0.0,0.0,375.6
69,HK.00700,2022-03-31 10:39:00,375.8,376.0,376.0,375.6,31900,11986940.0,0.0,0.0,375.8
70,HK.00700,2022-03-31 10:40:00,375.8,375.8,376.0,375.8,9400,3534100.0,0.0,0.0,376.0
71,HK.00700,2022-03-31 10:41:00,376.0,375.6,376.0,375.4,23900,8978920.0,0.0,0.0,375.8
72,HK.00700,2022-03-31 10:42:00,375.4,375.6,375.6,375.4,5800,2177980.0,0.0,0.0,375.6
73,HK.00700,2022-03-31 10:43:00,375.4,375.4,375.8,375.4,38500,14458000.0,0.0,0.0,375.6
74,HK.00700,2022-03-31 10:44:00,375.4,375.6,375.6,375.4,3000,1126630.0,0.0,0.0,375.4
75,HK.00700,2022-03-31 10:45:00,375.4,375.4,375.6,375.4,5100,1915210.0,0.0,0.0,375.6
76,HK.00700,2022-03-31 10:46:00,375.6,375.8,375.8,375.4,64900,24382450.0,0.0,0.0,375.4
77,HK.00700,2022-03-31 10:47:00,375.8,376.0,376.0,375.8,8000,3006920.0,0.0,0.0,375.8
78,HK.00700,2022-03-31 10:48:00,376.0,376.0,376.0,375.8,11800,4435690.0,0.0,0.0,376.0
79,HK.00700,2022-03-31 10:49:00,375.8,375.6,376.0,375.4,23700,8902780.0,0.0,0.0,376.0
80,HK.00700,2022-03-31 10:50:00,375.6,375.8,375.8,375.4,16800,6310560.0,0.0,0.0,375.6
81,HK.00700,2022-03-31 10:51:00,375.8,375.6,375.8,375.2,45700,17160210.0,0.0,0.0,375.8
82,HK.00700,2022-03-31 10:52:00,375.6,375.6,375.6,375.4,2600,976360.0,0.0,0.0,375.6
83,HK.00700,2022-03-31 10:53:00,375.4,375.4,375.4,375.2,11800,4429590.0,0.0,0.0,375.6
84,HK.00700,2022-03-31 10:54:00,375.4,375.0,375.4,375.0,27800,10431020.0,0.0,0.0,375.4
85,HK.00700,2022-03-31 10:55:00,375.0,374.2,375.0,374.2,40100,15025820.0,0.0,0.0,375.0
86,HK.00700,2022-03-31 10:56:00,374.2,374.6,374.8,374.2,35900,13445240.0,0.0,0.0,374.2
87,HK.00700,2022-03-31 10:57:00,374.8,374.6,374.8,374.6,9600,3596500.0,0.0,0.0,374.6
88,HK.00700,2022-03-31 10:58:00,374.6,375.0,375.0,374.6,9400,3523340.0,0.0,0.0,374.6
89,HK.00700,2022-03-31 10:59:00,375.0,375.0,375.2,374.8,24800,9298400.0,0.0,0.0,375.0
90,HK.00700,2022-03-31 11:00:00,374.8,374.6,375.0,374.6,10200,3822140.0,0.0,0.0,375.0
91,HK.00700,2022-03-31 11:01:00,374.8,374.6,374.8,374.4,7400,2772320.0,0.0,0.0,374.6
92,HK.00700,2022-03-31 11:02:00,374.4,374.8,374.8,374.4,35400,13263080.0,0.0,0.0,374.6
93,HK.00700,2022-03-31 11:03:00,375.0,374.6,375.0,374.6,14100,5283860.0,0.0,0.0,374.8
94,HK.00700,2022-03-31 11:04:00,374.6,375.0,375.0,374.6,103400,38753800.0,0.0,0.0,374.6
95,HK.00700,2022-03-31 11:05:00,375.0,375.0,375.2,375.0,31900,11965530.0,0.0,0.0,375.0
96,HK.00700,2022-03-31 11:06:00,375.2,375.6,375.6,375.2,10800,4054380.0,0.0,0.0,375.0
97,HK.00700,2022-03-31 11:07:00,375.6,375.6,375.6,375.4,6200,2328280.0,0.0,0.0,375.6
98,HK.00700,2022-03-31 11:08:00,375.6,375.4,375.6,375.4,25100,9423150.0,0.0,0.0,375.6
99,HK.00700,2022-03-31 11:09:00,375.2,375.2,375.4,375.0,18200,6828930.0,0.0,0.0,375.4
100,HK.00700,2022-03-31 11:10:00,375.2,375.0,375.2,375.0,5700,2138030.0,0.0,0.0,375.2
101,HK.00700,2022-03-31 11:11:00,375.2,375.0,375.2,375.0,12300,4612860.0,0.0,0.0,375.0
102,HK.00700,2022-03-31 11:12:00,375.2,375.2,375.2,375.0,5600,2100670.0,0.0,0.0,375.0
103,HK.00700,2022-03-31 11:13:00,375.2,375.0,375.2,374.8,34200,12824660.0,0.0,0.0,375.2
104,HK.00700,2022-03-31 11:14:00,375.0,375.0,375.0,374.8,5800,2174310.0,0.0,0.0,375.0
105,HK.00700,2022-03-31 11:15:00,375.0,375.0,375.0,374.8,11000,4124390.0,0.0,0.0,375.0
106,HK.00700,2022-03-31 11:16:00,375.0,374.6,375.0,374.6,49200,18442800.0,0.0,0.0,375.0
107,HK.00700,2022-03-31 11:17:00,374.6,375.2,375.4,374.6,57500,21552400.0,0.0,0.0,374.6
108,HK.00700,2022-03-31 11:18:00,375.2,375.4,375.4,375.2,19300,7241460.0,0.0,0.0,375.2
109,HK.00700,2022-03-31 11:19:00,375.4,375.6,375.6,375.2,13600,5105560.0,0.0,0.0,375.4
110,HK.00700,2022-03-31 11:20:00,375.6,375.6,375.6,375.4,4500,1690000.0,0.0,0.0,375.6
111,HK.00700,2022-03-31 11:21:00,375.6,375.4,375.6,375.4,3900,1464410.0,0.0,0.0,375.6
112,HK.00700,2022-03-31 11:22:00,375.6,375.6,375.6,375.4,7200,2703950.0,0.0,0.0,375.4
113,HK.00700,2022-03-31 11:23:00,375.6,375.6,375.6,375.4,6300,2365880.0,0.0,0.0,375.6
114,HK.00700,2022-03-31 11:24:00,375.6,375.6,375.6,375.4,7000,2628930.0,0.0,0.0,375.6
115,HK.00700,2022-03-31 11:25:00,375.4,375.4,375.6,375.4,4500,1690030.0,0.0,0.0,375.6
116,HK.00700,2022-03-31 11:26:00,375.6,375.6,375.6,375.4,5400,2028010.0,0.0,0.0,375.4
117,HK.00700,2022-03-31 11:27:00,375.6,375.6,375.6,375.4,6200,2328400.0,0.0,0.0,375.6
118,HK.00700,2022-03-31 11:28:00,375.6,375.6,375.6,375.4,6000,2253420.0,0.0,0.0,375.6
119,HK.00700,2022-03-31 11:29:00,375.4,375.6,375.6,375.4,6200,2328450.0,0.0,0.0,375.6
120,HK.00700,2022-03-31 11:30:00,375.6,375.6,375.6,375.4,11500,4318620.0,0.0,0.0,375.6
121,HK.00700,2022-03-31 11:31:00,375.4,375.6,375.6,375.4,5200,1952660.0,0.0,0.0,375.6
122,HK.00700,2022-03-31 11:32:00,375.6,375.6,375.6,375.4,57100,21446480.0,0.0,0.0,375.6
123,HK.00700,2022-03-31 11:33:00,375.6,375.6,375.6,375.4,4700,1765130.0,0.0,0.0,375.6
124,HK.00700,2022-03-31 11:34:00,375.4,375.6,375.6,375.4,13800,5181200.0,0.0,0.0,375.6
125,HK.00700,2022-03-31 11:35:00,375.4,375.0,375.6,375.0,65100,24431000.0,0.0,0.0,375.6
126,HK.00700,2022-03-31 11:36:00,375.0,375.2,375.2,375.0,3000,1125280.0,0.0,0.0,375.0
127,HK.00700,2022-03-31 11:37:00,375.2,374.6,375.2,374.6,28800,10798260.0,0.0,0.0,375.2
128,HK.00700,2022-03-31 11:38:00,374.6,374.4,374.8,374.4,34100,12770820.0,0.0,0.0,374.6
129,HK.00700,2022-03-31 11:39:00,374.2,374.2,374.4,374.2,17000,6362110.0,0.0,0.0,374.4
130,HK.00700,2022-03-31 11:40:00,374.4,374.6,374.8,374.2,49500,18539230.0,0.0,0.0,374.2
131,HK.00700,2022-03-31 11:41:00,374.6,374.6,374.6,374.2,46100,17261780.2,0.0,0.0,374.6
132,HK.00700,2022-03-31 11:42:00,374.4,374.2,374.6,374.2,7000,2620820.0,0.0,0.0,374.6
133,HK.00700,2022-03-31 11:43:00,374.2,374.2,374.4,374.2,3400,1272610.0,0.0,0.0,374.2
134,HK.00700,2022-03-31 11:44:00,374.4,374.2,374.4,374.0,23500,8792870.0,0.0,0.0,374.2
135,HK.00700,2022-03-31 11:45:00,374.0,374.8,374.8,374.0,99900,37381470.0,0.0,0.0,374.2
136,HK.00700,2022-03-31 11:46:00,374.8,374.4,374.8,374.4,25100,9401937.4,0.0,0.0,374.8
137,HK.00700,2022-03-31 11:47:00,374.6,375.4,375.4,374.4,68600,25719390.0,0.0,0.0,374.4
138,HK.00700,2022-03-31 11:48:00,375.4,375.4,375.4,375.2,12700,4767470.0,0.0,0.0,375.4
139,HK.00700,2022-03-31 11:49:00,375.2,375.8,375.8,375.2,62400,23433080.0,0.0,0.0,375.4
140,HK.00700,2022-03-31 11:50:00,375.8,375.4,375.8,375.4,11600,4356840.0,0.0,0.0,375.8
141,HK.00700,2022-03-31 11:51:00,375.6,375.4,375.6,375.4,3400,1276790.0,0.0,0.0,375.4
142,HK.00700,2022-03-31 11:52:00,375.4,375.6,375.6,375.4,5500,2065340.0,0.0,0.0,375.4
143,HK.00700,2022-03-31 11:53:00,375.6,374.8,375.6,374.8,24400,9157370.0,0.0,0.0,375.6
144,HK.00700,2022-03-31 11:54:00,374.8,375.0,375.0,374.6,23600,8845260.0,0.0,0.0,374.8
145,HK.00700,2022-03-31 11:55:00,375.0,374.8,375.0,374.8,3100,1162070.0,0.0,0.0,375.0
146,HK.00700,2022-03-31 11:56:00,375.0,375.6,375.6,374.8,113700,42658510.0,0.0,0.0,374.8
147,HK.00700,2022-03-31 11:57:00,375.4,375.8,375.8,375.2,92500,34750630.0,0.0,0.0,375.6
148,HK.00700,2022-03-31 11:58:00,375.8,375.8,375.8,375.6,6800,2555360.0,0.0,0.0,375.8
149,HK.00700,2022-03-31 11:59:00,375.8,375.6,375.8,375.6,14500,5446480.0,0.0,0.0,375.8
150,HK.00700,2022-03-31 12:00:00,375.4,375.4,375.6,375.2,29100,10923660.0,0.0,0.0,375.6
151,HK.00700,2022-03-31 13:01:00,375.4,375.4,376.0,375.2,72300,27174680.0,0.0,0.0,375.4
152,HK.00700,2022-03-31 13:02:00,375.6,375.4,375.6,374.8,50800,19057900.0,0.0,0.0,375.4
153,HK.00700,2022-03-31 13:03:00,375.4,375.2,375.6,375.2,15100,5667990.0,0.0,0.0,375.4
154,HK.00700,2022-03-31 13:04:00,375.4,374.8,375.4,374.8,42800,16053110.0,0.0,0.0,375.2
155,HK.00700,2022-03-31 13:05:00,374.8,375.0,375.0,374.8,23200,8695660.0,0.0,0.0,374.8
156,HK.00700,2022-03-31 13:06:00,375.0,375.6,375.6,375.0,14500,5440340.0,0.0,0.0,375.0
157,HK.00700,2022-03-31 13:07:00,375.6,375.2,375.6,375.2,20300,7620720.0,0.0,0.0,375.6
158,HK.00700,2022-03-31 13:08:00,375.4,375.0,375.8,375.0,76000,28523050.0,0.0,0.0,375.2
159,HK.00700,2022-03-31 13:09:00,375.0,374.8,375.0,374.6,24500,9184870.0,0.0,0.0,375.0
160,HK.00700,2022-03-31 13:10:00,374.6,375.2,375.2,374.6,17900,6708430.0,0.0,0.0,374.8
161,HK.00700,2022-03-31 13:11:00,375.0,375.4,375.4,374.8,27000,10129280.0,0.0,0.0,375.2
162,HK.00700,2022-03-31 13:12:00,375.4,375.4,375.6,375.4,3600,1351780.0,0.0,0.0,375.4
163,HK.00700,2022-03-31 13:13:00,375.6,375.4,375.6,375.4,4800,1802600.0,0.0,0.0,375.4
164,HK.00700,2022-03-31 13:14:00,375.4,375.6,375.6,375.4,4100,1539570.0,0.0,0.0,375.4
165,HK.00700,2022-03-31 13:15:00,375.6,375.4,375.6,375.4,4300,1614520.0,0.0,0.0,375.6
166,HK.00700,2022-03-31 13:16:00,375.6,374.8,375.6,374.8,42000,15761990.0,0.0,0.0,375.4
167,HK.00700,2022-03-31 13:17:00,374.8,374.6,374.8,374.4,38100,14272270.0,0.0,0.0,374.8
168,HK.00700,2022-03-31 13:18:00,374.6,375.0,375.0,374.6,14400,5395670.0,0.0,0.0,374.6
169,HK.00700,2022-03-31 13:19:00,375.0,375.2,375.2,374.8,21800,8174530.0,0.0,0.0,375.0
170,HK.00700,2022-03-31 13:20:00,375.2,375.0,375.2,375.0,20900,7837880.0,0.0,0.0,375.2
171,HK.00700,2022-03-31 13:21:00,375.0,375.2,375.2,375.0,31000,11628710.0,0.0,0.0,375.0
172,HK.00700,2022-03-31 13:22:00,375.4,375.6,375.6,375.2,24100,9047920.0,0.0,0.0,375.2
173,HK.00700,2022-03-31 13:23:00,375.4,375.2,375.4,375.0,20900,7843720.0,0.0,0.0,375.6
174,HK.00700,2022-03-31 13:24:00,375.0,375.4,375.4,375.0,31500,11820910.0,0.0,0.0,375.2
175,HK.00700,2022-03-31 13:25:00,375.6,375.6,375.6,375.4,6900,2590840.0,0.0,0.0,375.4
176,HK.00700,2022-03-31 13:26:00,375.4,375.2,375.6,375.2,26200,9835020.0,0.0,0.0,375.6
177,HK.00700,2022-03-31 13:27:00,375.2,375.4,375.4,375.2,7300,2740040.0,0.0,0.0,375.2
178,HK.00700,2022-03-31 13:28:00,375.2,375.4,375.4,375.2,18100,6791870.0,0.0,0.0,375.4
179,HK.00700,2022-03-31 13:29:00,375.4,375.2,375.4,375.2,10400,3903220.0,0.0,0.0,375.4
180,HK.00700,2022-03-31 13:30:00,375.2,375.6,375.8,375.2,46500,17461630.0,0.0,0.0,375.2
181,HK.00700,2022-03-31 13:31:00,375.6,375.0,376.0,375.0,99200,37245180.0,0.0,0.0,375.6
182,HK.00700,2022-03-31 13:32:00,375.0,374.8,375.0,374.8,10000,3749560.0,0.0,0.0,375.0
183,HK.00700,2022-03-31 13:33:00,375.0,374.8,375.0,374.8,93000,34864630.0,0.0,0.0,374.8
184,HK.00700,2022-03-31 13:34:00,375.0,374.8,375.0,374.8,96100,36037230.0,0.0,0.0,374.8
185,HK.00700,2022-03-31 13:35:00,375.0,375.0,375.0,374.8,2100,787420.0,0.0,0.0,374.8
186,HK.00700,2022-03-31 13:36:00,374.8,375.0,375.0,374.8,12900,4835840.0,0.0,0.0,375.0
187,HK.00700,2022-03-31 13:37:00,375.0,375.8,375.8,375.0,43800,16432280.0,0.0,0.0,375.0
188,HK.00700,2022-03-31 13:38:00,375.8,375.2,375.8,375.2,46300,17385520.0,0.0,0.0,375.8
189,HK.00700,2022-03-31 13:39:00,375.2,375.2,375.4,375.0,10300,3863670.0,0.0,0.0,375.2
190,HK.00700,2022-03-31 13:40:00,375.2,375.0,375.2,375.0,3800,1425450.0,0.0,0.0,375.2
191,HK.00700,2022-03-31 13:41:00,375.0,375.6,375.6,375.0,31000,11632850.0,0.0,0.0,375.0
192,HK.00700,2022-03-31 13:42:00,375.6,375.6,375.6,375.4,2400,901300.0,0.0,0.0,375.6
193,HK.00700,2022-03-31 13:43:00,375.6,375.4,375.6,375.4,6300,2365540.0,0.0,0.0,375.6
194,HK.00700,2022-03-31 13:44:00,375.4,375.6,375.6,375.4,8900,3342670.0,0.0,0.0,375.4
195,HK.00700,2022-03-31 13:45:00,375.6,375.6,375.8,375.6,23200,8715020.0,0.0,0.0,375.6
196,HK.00700,2022-03-31 13:46:00,375.8,375.8,375.8,375.6,2600,976970.0,0.0,0.0,375.6
197,HK.00700,2022-03-31 13:47:00,375.6,375.8,375.8,375.6,5000,1878490.0,0.0,0.0,375.8
198,HK.00700,2022-03-31 13:48:00,375.8,375.8,375.8,375.6,8600,3231060.0,0.0,0.0,375.8
199,HK.00700,2022-03-31 13:49:00,375.8,375.4,375.8,375.4,75000,28180390.0,0.0,0.0,375.8
200,HK.00700,2022-03-31 13:50:00,375.4,375.0,375.4,374.8,23400,8779670.0,0.0,0.0,375.4
201,HK.00700,2022-03-31 13:51:00,374.8,374.8,375.0,374.8,5100,1911770.0,0.0,0.0,375.0
202,HK.00700,2022-03-31 13:52:00,374.8,374.8,375.0,374.8,11500,4310810.0,0.0,0.0,374.8
203,HK.00700,2022-03-31 13:53:00,375.0,374.8,375.0,374.6,26400,9892510.0,0.0,0.0,374.8
204,HK.00700,2022-03-31 13:54:00,374.6,375.0,375.0,374.6,36600,13716280.0,0.0,0.0,374.8
205,HK.00700,2022-03-31 13:55:00,375.0,375.0,376.0,374.8,208500,78270860.0,0.0,0.0,375.0
206,HK.00700,2022-03-31 13:56:00,374.8,375.4,375.4,374.8,10300,3862920.0,0.0,0.0,375.0
207,HK.00700,2022-03-31 13:57:00,375.4,375.6,375.6,375.2,8200,3078490.0,0.0,0.0,375.4
208,HK.00700,2022-03-31 13:58:00,375.6,375.8,375.8,375.4,6400,2404200.0,0.0,0.0,375.6
209,HK.00700,2022-03-31 13:59:00,375.8,375.4,375.8,375.2,21400,8036040.0,0.0,0.0,375.8
210,HK.00700,2022-03-31 14:00:00,375.2,375.2,375.2,375.0,10600,3976980.0,0.0,0.0,375.4
211,HK.00700,2022-03-31 14:01:00,375.2,374.8,375.2,374.8,19100,7162340.0,0.0,0.0,375.2
212,HK.00700,2022-03-31 14:02:00,375.0,375.2,375.2,374.8,27200,10200310.0,0.0,0.0,374.8
213,HK.00700,2022-03-31 14:03:00,375.2,375.8,376.0,375.2,82900,31147880.0,0.0,0.0,375.2
214,HK.00700,2022-03-31 14:04:00,376.0,375.2,376.0,375.2,49000,18405660.0,0.0,0.0,375.8
215,HK.00700,2022-03-31 14:05:00,375.2,375.4,375.4,375.0,18500,6941000.0,0.0,0.0,375.2
216,HK.00700,2022-03-31 14:06:00,375.2,375.8,376.0,375.2,12200,4582360.0,0.0,0.0,375.4
217,HK.00700,2022-03-31 14:07:00,376.0,377.2,377.4,375.8,84400,31772520.0,0.0,0.0,375.8
218,HK.00700,2022-03-31 14:08:00,377.4,376.2,377.4,376.2,63200,23810950.0,0.0,0.0,377.2
219,HK.00700,2022-03-31 14:09:00,376.2,376.2,376.2,376.0,5300,1993550.0,0.0,0.0,376.2
220,HK.00700,2022-03-31 14:10:00,376.2,376.2,376.4,376.0,13400,5041160.0,0.0,0.0,376.2
221,HK.00700,2022-03-31 14:11:00,376.4,376.8,377.0,376.4,16200,6102420.0,0.0,0.0,376.2
222,HK.00700,2022-03-31 14:12:00,376.6,376.2,376.6,376.2,11900,4479130.0,0.0,0.0,376.8
223,HK.00700,2022-03-31 14:13:00,376.0,375.8,376.2,375.6,13600,5112880.0,0.0,0.0,376.2
224,HK.00700,2022-03-31 14:14:00,375.8,375.8,375.8,375.6,4400,1652930.0,0.0,0.0,375.8
225,HK.00700,2022-03-31 14:15:00,375.8,375.8,375.8,375.6,7600,2855010.0,0.0,0.0,375.8
226,HK.00700,2022-03-31 14:16:00,375.8,376.2,376.2,375.6,29100,10935900.0,0.0,0.0,375.8
227,HK.00700,2022-03-31 14:17:00,376.2,376.0,376.2,376.0,11100,4175750.0,0.0,0.0,376.2
228,HK.00700,2022-03-31 14:18:00,376.2,376.4,376.6,376.0,21200,7976330.0,0.0,0.0,376.0
229,HK.00700,2022-03-31 14:19:00,376.6,376.0,376.6,376.0,22500,8467370.0,0.0,0.0,376.4
230,HK.00700,2022-03-31 14:20:00,376.2,376.2,376.2,376.0,1700,639470.0,0.0,0.0,376.0
231,HK.00700,2022-03-31 14:21:00,376.2,376.6,376.6,376.0,14100,5304970.0,0.0,0.0,376.2
232,HK.00700,2022-03-31 14:22:00,376.6,376.8,376.8,376.2,31100,11711040.0,0.0,0.0,376.6
233,HK.00700,2022-03-31 14:23:00,377.0,376.8,377.0,376.6,12100,4558120.0,0.0,0.0,376.8
234,HK.00700,2022-03-31 14:24:00,376.8,376.6,376.8,376.4,6300,2372820.0,0.0,0.0,376.8
235,HK.00700,2022-03-31 14:25:00,376.6,377.0,377.0,376.4,20000,7534180.0,0.0,0.0,376.6
236,HK.00700,2022-03-31 14:26:00,376.8,377.0,377.2,376.8,27100,10216270.0,0.0,0.0,377.0
237,HK.00700,2022-03-31 14:27:00,376.8,377.2,377.2,376.8,7500,2827470.0,0.0,0.0,377.0
238,HK.00700,2022-03-31 14:28:00,377.2,377.0,377.2,377.0,7000,2639850.0,0.0,0.0,377.2
239,HK.00700,2022-03-31 14:29:00,377.2,377.2,377.2,377.0,6700,2526640.0,0.0,0.0,377.0
240,HK.00700,2022-03-31 14:30:00,377.0,377.2,377.2,377.0,4000,1508740.0,0.0,0.0,377.2
241,HK.00700,2022-03-31 14:31:00,377.2,377.4,377.4,376.6,57000,21486440.0,0.0,0.0,377.2
242,HK.00700,2022-03-31 14:32:00,377.2,377.0,377.2,377.0,17000,6411580.0,0.0,0.0,377.4
243,HK.00700,2022-03-31 14:33:00,377.2,377.0,377.2,376.8,31700,11950980.0,0.0,0.0,377.0
244,HK.00700,2022-03-31 14:34:00,377.0,376.8,377.0,376.6,18300,6894670.0,0.0,0.0,377.0
245,HK.00700,2022-03-31 14:35:00,376.6,376.2,376.6,376.2,13800,5195300.0,0.0,0.0,376.8
246,HK.00700,2022-03-31 14:36:00,376.4,376.2,376.4,376.0,20900,7862440.0,0.0,0.0,376.2
247,HK.00700,2022-03-31 14:37:00,376.2,376.2,376.2,376.0,4100,1542110.0,0.0,0.0,376.2
248,HK.00700,2022-03-31 14:38:00,376.2,375.8,376.2,375.6,24300,9133840.0,0.0,0.0,376.2
249,HK.00700,2022-03-31 14:39:00,375.8,375.8,376.2,375.6,51300,19280910.0,0.0,0.0,375.8
250,HK.00700,2022-03-31 14:40:00,375.8,375.6,375.8,375.6,7900,2967490.0,0.0,0.0,375.8
251,HK.00700,2022-03-31 14:41:00,375.6,375.6,375.8,375.6,10400,3906500.0,0.0,0.0,375.6
252,HK.00700,2022-03-31 14:42:00,375.4,375.8,375.8,375.4,21400,8037670.0,0.0,0.0,375.6
253,HK.00700,2022-03-31 14:43:00,375.8,375.4,375.8,375.4,31100,11678600.0,0.0,0.0,375.8
254,HK.00700,2022-03-31 14:44:00,375.6,375.6,375.6,375.4,4800,1802280.0,0.0,0.0,375.4
255,HK.00700,2022-03-31 14:45:00,375.6,375.6,375.6,375.4,6100,2290980.0,0.0,0.0,375.6
256,HK.00700,2022-03-31 14:46:00,375.6,375.6,375.6,375.4,4300,1614850.0,0.0,0.0,375.6
257,HK.00700,2022-03-31 14:47:00,375.6,375.8,375.8,375.4,43700,16417440.0,0.0,0.0,375.6
258,HK.00700,2022-03-31 14:48:00,375.8,376.0,376.4,375.6,139700,52511040.0,0.0,0.0,375.8
259,HK.00700,2022-03-31 14:49:00,376.0,376.4,376.4,376.0,12600,4740360.0,0.0,0.0,376.0
260,HK.00700,2022-03-31 14:50:00,376.4,376.4,376.4,376.2,10600,3988300.0,0.0,0.0,376.4
261,HK.00700,2022-03-31 14:51:00,376.4,376.2,376.6,376.2,12600,4742490.0,0.0,0.0,376.4
262,HK.00700,2022-03-31 14:52:00,376.2,376.6,376.6,376.2,19400,7300810.0,0.0,0.0,376.2
263,HK.00700,2022-03-31 14:53:00,376.6,376.8,376.8,376.4,17200,6477230.0,0.0,0.0,376.6
264,HK.00700,2022-03-31 14:54:00,376.8,376.8,376.8,376.6,5300,1996810.0,0.0,0.0,376.8
265,HK.00700,2022-03-31 14:55:00,376.6,376.4,376.8,376.4,15900,5988090.0,0.0,0.0,376.8
266,HK.00700,2022-03-31 14:56:00,376.6,376.4,376.6,376.2,21700,8167810.0,0.0,0.0,376.4
267,HK.00700,2022-03-31 14:57:00,376.2,376.2,376.4,376.2,15200,5718420.0,0.0,0.0,376.4
268,HK.00700,2022-03-31 14:58:00,376.4,376.4,376.4,376.2,5500,2069373.2,0.0,0.0,376.2
269,HK.00700,2022-03-31 14:59:00,376.4,377.0,377.0,376.2,99600,37517010.0,0.0,0.0,376.4
270,HK.00700,2022-03-31 15:00:00,377.2,377.2,377.2,377.0,26300,9915580.0,0.0,0.0,377.0
271,HK.00700,2022-03-31 15:01:00,377.2,377.4,377.8,377.0,103900,39219590.0,0.0,0.0,377.2
272,HK.00700,2022-03-31 15:02:00,377.6,377.8,377.8,377.4,20800,7854430.0,0.0,0.0,377.4
273,HK.00700,2022-03-31 15:03:00,377.6,377.4,377.8,377.0,29000,10945270.0,0.0,0.0,377.8
274,HK.00700,2022-03-31 15:04:00,377.4,377.2,377.4,377.0,9300,3508590.0,0.0,0.0,377.4
275,HK.00700,2022-03-31 15:05:00,377.2,377.4,377.6,377.2,21200,7998920.0,0.0,0.0,377.2
276,HK.00700,2022-03-31 15:06:00,377.6,377.0,377.6,376.8,24800,9353070.0,0.0,0.0,377.4
277,HK.00700,2022-03-31 15:07:00,377.0,376.6,377.0,376.6,14900,5613130.0,0.0,0.0,377.0
278,HK.00700,2022-03-31 15:08:00,376.6,376.8,376.8,376.4,24800,9339730.0,0.0,0.0,376.6
279,HK.00700,2022-03-31 15:09:00,376.8,376.6,376.8,376.4,20000,7531900.0,0.0,0.0,376.8
280,HK.00700,2022-03-31 15:10:00,376.8,376.8,376.8,376.6,5100,1921340.0,0.0,0.0,376.6
281,HK.00700,2022-03-31 15:11:00,376.8,377.0,377.0,376.6,9800,3692570.0,0.0,0.0,376.8
282,HK.00700,2022-03-31 15:12:00,377.0,377.2,377.2,377.0,14800,5580280.0,0.0,0.0,377.0
283,HK.00700,2022-03-31 15:13:00,377.2,377.0,377.2,377.0,7600,2866260.0,0.0,0.0,377.2
284,HK.00700,2022-03-31 15:14:00,377.2,377.6,377.8,377.0,33300,12566610.0,0.0,0.0,377.0
285,HK.00700,2022-03-31 15:15:00,377.8,377.8,377.8,377.6,7300,2757570.0,0.0,0.0,377.6
286,HK.00700,2022-03-31 15:16:00,377.8,377.2,377.8,377.2,47600,17970970.0,0.0,0.0,377.8
287,HK.00700,2022-03-31 15:17:00,377.0,377.4,377.6,377.0,35400,13350980.0,0.0,0.0,377.2
288,HK.00700,2022-03-31 15:18:00,377.4,377.8,377.8,377.4,12700,4796940.0,0.0,0.0,377.4
289,HK.00700,2022-03-31 15:19:00,377.8,378.0,378.0,377.8,7400,2796290.0,0.0,0.0,377.8
290,HK.00700,2022-03-31 15:20:00,378.0,378.4,378.6,378.0,94100,35589090.0,0.0,0.0,378.0
291,HK.00700,2022-03-31 15:21:00,378.4,378.8,379.0,378.2,93400,35390210.0,0.0,0.0,378.4
292,HK.00700,2022-03-31 15:22:00,379.0,378.4,379.0,378.2,40900,15485700.0,0.0,0.0,378.8
293,HK.00700,2022-03-31 15:23:00,378.4,378.6,378.6,378.0,26600,10063860.0,0.0,0.0,378.4
294,HK.00700,2022-03-31 15:24:00,378.6,378.4,378.6,378.4,16600,6283800.0,0.0,0.0,378.6
295,HK.00700,2022-03-31 15:25:00,378.6,378.0,378.6,378.0,22700,8588660.0,0.0,0.0,378.4
296,HK.00700,2022-03-31 15:26:00,378.0,378.2,378.2,378.0,16500,6239770.0,0.0,0.0,378.0
297,HK.00700,2022-03-31 15:27:00,378.2,377.8,378.2,377.8,61600,23285300.0,0.0,0.0,378.2
298,HK.00700,2022-03-31 15:28:00,377.8,377.8,378.0,377.8,10900,4118610.0,0.0,0.0,377.8
299,HK.00700,2022-03-31 15:29:00,378.0,378.0,378.0,377.8,9100,3438140.0,0.0,0.0,377.8
300,HK.00700,2022-03-31 15:30:00,377.8,377.6,378.0,377.6,16400,6195040.0,0.0,0.0,378.0
301,HK.00700,2022-03-31 15:31:00,377.6,377.4,377.8,377.4,23700,8949080.0,0.0,0.0,377.6
302,HK.00700,2022-03-31 15:32:00,377.4,378.0,378.2,377.4,65900,24888800.0,0.0,0.0,377.4
303,HK.00700,2022-03-31 15:33:00,378.0,378.0,378.2,377.4,35300,13338100.0,0.0,0.0,378.0
304,HK.00700,2022-03-31 15:34:00,378.0,377.4,378.0,377.4,23500,8872920.0,0.0,0.0,378.0
305,HK.00700,2022-03-31 15:35:00,377.4,377.8,377.8,377.4,49100,18537920.0,0.0,0.0,377.4
306,HK.00700,2022-03-31 15:36:00,378.0,377.8,378.0,377.8,9700,3666240.0,0.0,0.0,377.8
307,HK.00700,2022-03-31 15:37:00,378.0,377.8,378.0,377.8,7700,2910400.0,0.0,0.0,377.8
308,HK.00700,2022-03-31 15:38:00,378.0,377.6,378.0,377.4,36400,13749440.0,0.0,0.0,377.8
309,HK.00700,2022-03-31 15:39:00,377.4,377.4,377.6,377.2,33400,12605520.0,0.0,0.0,377.6
310,HK.00700,2022-03-31 15:40:00,377.6,377.4,377.6,377.4,5500,2076110.0,0.0,0.0,377.4
311,HK.00700,2022-03-31 15:41:00,377.4,377.6,377.6,377.4,7600,2869250.0,0.0,0.0,377.4
312,HK.00700,2022-03-31 15:42:00,377.6,377.6,377.6,377.4,11200,4228290.0,0.0,0.0,377.6
313,HK.00700,2022-03-31 15:43:00,377.6,377.6,377.6,377.4,10500,3963710.0,0.0,0.0,377.6
314,HK.00700,2022-03-31 15:44:00,377.6,377.6,377.6,377.4,14200,5360359.5,0.0,0.0,377.6
315,HK.00700,2022-03-31 15:45:00,377.6,377.4,377.6,377.4,19900,7512380.0,0.0,0.0,377.6
316,HK.00700,2022-03-31 15:46:00,377.4,376.4,377.6,376.4,157200,59286157.0,0.0,0.0,377.4
317,HK.00700,2022-03-31 15:47:00,376.6,376.4,376.6,376.2,31200,11743930.0,0.0,0.0,376.4
318,HK.00700,2022-03-31 15:48:00,376.2,376.2,376.4,375.6,115200,43317552.9,0.0,0.0,376.4
319,HK.00700,2022-03-31 15:49:00,376.0,376.2,376.2,376.0,7600,2858050.0,0.0,0.0,376.2
320,HK.00700,2022-03-31 15:50:00,376.0,376.0,376.2,376.0,15200,5715760.0,0.0,0.0,376.2
321,HK.00700,2022-03-31 15:51:00,376.2,376.2,376.4,376.0,66500,25016390.0,0.0,0.0,376.0
322,HK.00700,2022-03-31 15:52:00,376.4,376.0,376.4,376.0,53400,20089100.0,0.0,0.0,376.2
323,HK.00700,2022-03-31 15:53:00,376.0,376.2,376.4,376.0,66500,25023470.0,0.0,0.0,376.0
324,HK.00700,2022-03-31 15:54:00,376.2,375.8,376.2,375.8,35600,13381900.0,0.0,0.0,376.2
325,HK.00700,2022-03-31 15:55:00,375.8,375.8,376.0,375.8,18100,6802810.0,0.0,0.0,375.8
326,HK.00700,2022-03-31 15:56:00,375.8,375.8,376.0,375.8,27600,10373050.0,0.0,0.0,375.8
327,HK.00700,2022-03-31 15:57:00,375.8,375.8,376.0,375.8,28800,10825123.2,0.0,0.0,375.8
328,HK.00700,2022-03-31 15:58:00,375.8,375.8,376.0,375.8,55300,20789830.0,0.0,0.0,375.8
329,HK.00700,2022-03-31 15:59:00,376.0,376.2,376.2,375.8,184600,69421830.0,0.0,0.0,375.8
330,HK.00700,2022-03-31 16:00:00,376.0,374.2,376.2,374.2,3212700,1202315400.0,0.0,0.0,376.2
0,HK.00700,2022-04-01 09:30:00,367.0,367.0,367.0,367.0,612800,224897600.0,0.0,0.0,374.2
1,HK.00700,2022-04-01 09:31:00,366.8,364.2,367.0,362.2,395300,143841220.0,0.0,0.0,367.0
2,HK.00700,2022-04-01 09:32:00,364.0,365.0,365.0,363.2,149600,54421690.0,0.0,0.0,364.2
3,HK.00700,2022-04-01 09:33:00,365.0,366.4,366.8,365.0,69600,25446140.0,0.0,0.0,365.0
4,HK.00700,2022-04-01 09:34:00,366.6,366.4,367.0,366.0,78900,28906730.0,0.0,0.0,366.4
5,HK.00700,2022-04-01 09:35:00,366.6,367.4,367.4,366.6,108500,39814680.0,0.0,0.0,366.4
6,HK.00700,2022-04-01 09:36:00,367.2,366.4,367.4,366.0,102600,37627670.0,0.0,0.0,367.4
7,HK.00700,2022-04-01 09:37:00,366.6,367.2,368.0,366.6,96400,35380720.0,0.0,0.0,366.4
8,HK.00700,2022-04-01 09:38:00,367.2,366.4,367.4,366.2,70100,25726480.0,0.0,0.0,367.2
9,HK.00700,2022-04-01 09:39:00,366.4,365.6,366.4,365.4,45600,16687080.0,0.0,0.0,366.4
10,HK.00700,2022-04-01 09:40:00,365.6,366.4,366.4,365.4,23900,8748570.0,0.0,0.0,365.6
11,HK.00700,2022-04-01 09:41:00,366.2,366.8,366.8,365.4,54700,20024010.0,0.0,0.0,366.4
12,HK.00700,2022-04-01 09:42:00,366.6,366.8,367.4,366.6,76600,28110260.0,0.0,0.0,366.8
13,HK.00700,2022-04-01 09:43:00,366.6,366.4,368.0,366.0,92300,33870860.0,0.0,0.0,366.8
14,HK.00700,2022-04-01 09:44:00,366.6,366.6,366.8,366.4,35300,12939280.0,0.0,0.0,366.4
15,HK.00700,2022-04-01 09:45:00,366.6,366.4,366.8,366.4,24500,8981820.0,0.0,0.0,366.6
16,HK.00700,2022-04-01 09:46:00,366.4,367.0,367.4,366.2,82200,30144100.0,0.0,0.0,366.4
17,HK.00700,2022-04-01 09:47:00,367.0,366.6,367.0,366.2,26900,9863810.0,0.0,0.0,367.0
18,HK.00700,2022-04-01 09:48:00,366.6,366.2,367.0,366.0,35900,13157310.0,0.0,0.0,366.6
19,HK.00700,2022-04-01 09:49:00,366.0,366.6,366.8,366.0,36000,13191790.0,0.0,0.0,366.2
20,HK.00700,2022-04-01 09:50:00,366.8,366.6,366.8,366.6,7100,2603350.0,0.0,0.0,366.6
21,HK.00700,2022-04-01 09:51:00,366.6,366.8,367.0,366.6,34800,12766710.0,0.0,0.0,366.6
22,HK.00700,2022-04-01 09:52:00,366.8,367.6,367.6,366.8,21800,8006140.0,0.0,0.0,366.8
23,HK.00700,2022-04-01 09:53:00,367.6,367.2,368.0,367.2,30100,11068810.0,0.0,0.0,367.6
24,HK.00700,2022-04-01 09:54:00,367.2,366.8,367.4,366.6,30100,11048650.0,0.0,0.0,367.2
25,HK.00700,2022-04-01 09:55:00,366.8,366.8,367.0,366.8,6400,2348480.0,0.0,0.0,366.8
26,HK.00700,2022-04-01 09:56:00,367.0,366.8,367.2,366.6,28500,10457610.0,0.0,0.0,366.8
27,HK.00700,2022-04-01 09:57:00,366.6,367.2,367.8,366.6,75000,27544360.0,0.0,0.0,366.8
28,HK.00700,2022-04-01 09:58:00,367.0,366.6,367.2,366.4,43700,16029100.0,0.0,0.0,367.2
29,HK.00700,2022-04-01 09:59:00,366.6,367.2,367.2,366.6,18700,6860620.0,0.0,0.0,366.6
30,HK.00700,2022-04-01 10:00:00,367.2,367.4,367.4,367.0,13300,4882590.0,0.0,0.0,367.2
31,HK.00700,2022-04-01 10:01:00,367.4,367.8,367.8,367.2,13000,4777330.0,0.0,0.0,367.4
32,HK.00700,2022-04-01 10:02:00,367.8,368.2,368.4,367.6,22700,8350975.2,0.0,0.0,367.8
33,HK.00700,2022-04-01 10:03:00,368.4,369.0,369.0,368.2,64900,23912097.0,0.0,0.0,368.2
34,HK.00700,2022-04-01 10:04:00,368.8,369.4,369.4,368.8,32100,11850150.0,0.0,0.0,369.0
35,HK.00700,2022-04-01 10:05:00,369.4,369.0,369.8,369.0,63500,23462050.0,0.0,0.0,369.4
36,HK.00700,2022-04-01 10:06:00,369.0,369.0,369.0,368.8,14400,5313060.0,0.0,0.0,369.0
37,HK.00700,2022-04-01 10:07:00,369.0,367.8,369.2,367.8,35900,13224420.0,0.0,0.0,369.0
38,HK.00700,2022-04-01 10:08:00,367.8,367.2,367.8,367.2,31200,11466590.0,0.0,0.0,367.8
39,HK.00700,2022-04-01 10:09:00,367.4,367.8,368.2,367.4,37900,13933460.0,0.0,0.0,367.2
40,HK.00700,2022-04-01 10:10:00,368.0,368.8,368.8,368.0,10200,3756940.0,0.0,0.0,367.8
41,HK.00700,2022-04-01 10:11:00,368.8,368.4,368.8,367.8,36300,13371750.0,0.0,0.0,368.8
42,HK.00700,2022-04-01 10:12:00,368.2,368.4,368.6,368.0,12100,4456520.0,0.0,0.0,368.4
43,HK.00700,2022-04-01 10:13:00,368.6,369.2,369.4,368.4,23300,8597110.0,0.0,0.0,368.4
44,HK.00700,2022-04-01 10:14:00,369.4,368.6,369.4,368.4,20500,7561452.4,0.0,0.0,369.2
45,HK.00700,2022-04-01 10:15:00,368.6,368.4,368.8,368.2,23400,8623770.0,0.0,0.0,368.6
46,HK.00700,2022-04-01 10:16:00,368.4,369.4,369.4,368.2,20900,7707770.0,0.0,0.0,368.4
47,HK.00700,2022-04-01 10:17:00,369.4,368.6,369.4,368.2,20500,7563170.0,0.0,0.0,369.4
48,HK.00700,2022-04-01 10:18:00,368.6,369.0,369.8,368.6,56800,20978320.0,0.0,0.0,368.6
49,HK.00700,2022-04-01 10:19:00,369.2,368.8,369.2,368.8,8000,2951900.0,0.0,0.0,369.0
50,HK.00700,2022-04-01 10:20:00,368.8,369.4,369.4,368.8,23200,8563920.0,0.0,0.0,368.8
51,HK.00700,2022-04-01 10:21:00,369.6,368.6,369.6,368.4,68400,25237480.0,0.0,0.0,369.4
52,HK.00700,2022-04-01 10:22:00,368.6,368.8,368.8,368.6,5400,1991050.0,0.0,0.0,368.6
53,HK.00700,2022-04-01 10:23:00,368.6,368.2,368.6,368.2,14400,5306540.0,0.0,0.0,368.8
54,HK.00700,2022-04-01 10:24:00,368.2,368.2,368.4,368.2,13200,4861790.0,0.0,0.0,368.2
55,HK.00700,2022-04-01 10:25:00,368.2,368.4,368.6,368.2,25600,9429200.0,0.0,0.0,368.2
56,HK.00700,2022-04-01 10:26:00,368.6,368.0,368.6,368.0,26900,9906825.6,0.0,0.0,368.4
57,HK.00700,2022-04-01 10:27:00,368.0,368.2,368.4,367.4,71600,26341370.0,0.0,0.0,368.0
58,HK.00700,2022-04-01 10:28:00,368.0,367.8,368.2,367.6,15800,5813060.0,0.0,0.0,368.2
59,HK.00700,2022-04-01 10:29:00,367.8,367.6,367.8,367.6,8500,3125720.0,0.0,0.0,367.8
60,HK.00700,2022-04-01 10:30:00,367.6,368.0,368.0,367.6,16600,6106410.0,0.0,0.0,367.6
61,HK.00700,2022-04-01 10:31:00,368.2,368.8,369.0,368.0,44000,16217400.0,0.0,0.0,368.0
62,HK.00700,2022-04-01 10:32:00,369.0,369.2,369.2,369.0,11000,4059020.0,0.0,0.0,368.8
63,HK.00700,2022-04-01 10:33:00,369.2,368.8,369.2,368.8,18700,6900740.0,0.0,0.0,369.2
64,HK.00700,2022-04-01 10:34:00,368.8,368.4,368.8,368.4,17200,6338680.0,0.0,0.0,368.8
65,HK.00700,2022-04-01 10:35:00,368.6,368.8,368.8,368.6,13100,4828810.0,0.0,0.0,368.4
66,HK.00700,2022-04-01 10:36:00,368.8,368.8,368.8,368.6,21600,7965509.8,0.0,0.0,368.8
67,HK.00700,2022-04-01 10:37:00,368.8,368.8,368.8,368.6,10200,3761670.0,0.0,0.0,368.8
68,HK.00700,2022-04-01 10:38:00,368.8,368.8,369.0,368.8,11400,4204359.6,0.0,0.0,368.8
69,HK.00700,2022-04-01 10:39:00,368.8,369.0,369.0,368.6,13600,5016210.0,0.0,0.0,368.8
70,HK.00700,2022-04-01 10:40:00,369.0,369.0,369.2,368.8,18500,6827010.0,0.0,0.0,369.0
71,HK.00700,2022-04-01 10:41:00,369.0,369.0,369.0,368.8,3700,1364670.0,0.0,0.0,369.0
72,HK.00700,2022-04-01 10:42:00,368.8,369.8,369.8,368.8,55100,20352320.0,0.0,0.0,369.0
73,HK.00700,2022-04-01 10:43:00,369.6,371.0,371.0,369.6,85000,31492270.0,0.0,0.0,369.8
74,HK.00700,2022-04-01 10:44:00,371.0,371.2,371.4,370.8,24300,9016590.0,0.0,0.0,371.0
75,HK.00700,2022-04-01 10:45:00,371.2,370.6,371.6,370.6,61400,22789380.0,0.0,0.0,371.2
76,HK.00700,2022-04-01 10:46:00,370.6,371.2,371.2,370.6,24700,9161330.0,0.0,0.0,370.6
77,HK.00700,2022-04-01 10:47:00,371.2,370.4,371.2,370.0,84600,31345050.0,0.0,0.0,371.2
78,HK.00700,2022-04-01 10:48:00,370.6,370.2,372.0,370.0,91800,34072398.2,0.0,0.0,370.4
79,HK.00700,2022-04-01 10:49:00,370.0,370.6,370.6,370.0,32200,11927274.0,0.0,0.0,370.2
80,HK.00700,2022-04-01 10:50:00,370.8,370.4,370.8,370.2,16000,5927650.0,0.0,0.0,370.6
81,HK.00700,2022-04-01 10:51:00,370.2,370.2,370.6,370.2,14700,5444720.0,0.0,0.0,370.4
82,HK.00700,2022-04-01 10:52:00,370.4,370.4,370.8,370.4,23200,8595710.0,0.0,0.0,370.2
83,HK.00700,2022-04-01 10:53:00,370.4,369.8,370.4,369.6,35500,13134570.0,0.0,0.0,370.4
84,HK.00700,2022-04-01 10:54:00,369.8,369.6,370.0,369.6,41800,15459630.0,0.0,0.0,369.8
85,HK.00700,2022-04-01 10:55:00,369.6,369.6,369.6,369.2,24000,8866110.0,0.0,0.0,369.6
86,HK.00700,2022-04-01 10:56:00,369.6,369.8,369.8,369.6,14400,5323460.0,0.0,0.0,369.6
87,HK.00700,2022-04-01 10:57:00,369.8,369.8,369.8,369.6,6200,2292470.0,0.0,0.0,369.8
88,HK.00700,2022-04-01 10:58:00,369.8,370.0,370.0,369.8,4900,1812270.0,0.0,0.0,369.8
89,HK.00700,2022-04-01 10:59:00,370.0,369.8,370.0,369.8,1600,591861.8,0.0,0.0,370.0
90,HK.00700,2022-04-01 11:00:00,369.8,370.6,370.8,369.8,78300,28980260.0,0.0,0.0,369.8
91,HK.00700,2022-04-01 11:01:00,370.8,371.4,371.6,370.8,53000,19671500.0,0.0,0.0,370.6
92,HK.00700,2022-04-01 11:02:00,371.4,370.8,371.6,370.4,27800,10312423.9,0.0,0.0,371.4
93,HK.00700,2022-04-01 11:03:00,371.0,370.8,371.0,370.6,6200,2298290.0,0.0,0.0,370.8
94,HK.00700,2022-04-01 11:04:00,370.8,370.6,370.8,370.6,4200,1556980.0,0.0,0.0,370.8
95,HK.00700,2022-04-01 11:05:00,370.8,370.8,370.8,370.6,7200,2668660.0,0.0,0.0,370.6
96,HK.00700,2022-04-01 11:06:00,370.8,371.2,371.4,370.8,20500,7606330.0,0.0,0.0,370.8
97,HK.00700,2022-04-01 11:07:00,371.2,371.2,371.6,371.0,20500,7612560.0,0.0,0.0,371.2
98,HK.00700,2022-04-01 11:08:00,371.2,371.2,371.2,370.8,12700,4711980.0,0.0,0.0,371.2
99,HK.00700,2022-04-01 11:09:00,371.2,371.4,371.4,371.0,8400,3118190.0,0.0,0.0,371.2
100,HK.00700,2022-04-01 11:10:00,371.4,371.6,371.8,371.4,11800,4384740.0,0.0,0.0,371.4
101,HK.00700,2022-04-01 11:11:00,371.8,372.0,372.0,371.6,21700,8071040.0,0.0,0.0,371.6
102,HK.00700,2022-04-01 11:12:00,371.8,371.8,372.0,371.6,25600,9517746.2,0.0,0.0,372.0
103,HK.00700,2022-04-01 11:13:00,371.8,372.0,372.0,371.8,14300,5317532.0,0.0,0.0,371.8
104,HK.00700,2022-04-01 11:14:00,372.0,372.0,372.2,371.8,18500,6882950.0,0.0,0.0,372.0
105,HK.00700,2022-04-01 11:15:00,372.2,373.0,373.2,372.2,126300,47067430.0,0.0,0.0,372.0
106,HK.00700,2022-04-01 11:16:00,373.2,373.8,373.8,373.2,69600,26003360.0,0.0,0.0,373.0
107,HK.00700,2022-04-01 11:17:00,373.8,374.2,374.2,373.6,37100,13873020.0,0.0,0.0,373.8
108,HK.00700,2022-04-01 11:18:00,374.2,372.2,374.2,372.2,71900,26850440.0,0.0,0.0,374.2
109,HK.00700,2022-04-01 11:19:00,372.2,372.2,372.6,372.2,60600,22564900.0,0.0,0.0,372.2
110,HK.00700,2022-04-01 11:20:00,372.4,372.2,372.6,372.0,33400,12433960.0,0.0,0.0,372.2
111,HK.00700,2022-04-01 11:21:00,372.4,372.0,372.4,371.8,23200,8633110.0,0.0,0.0,372.2
112,HK.00700,2022-04-01 11:22:00,372.0,371.6,372.0,371.6,13700,5093750.0,0.0,0.0,372.0
113,HK.00700,2022-04-01 11:23:00,371.6,371.2,371.8,371.2,18900,7020833.4,0.0,0.0,371.6
114,HK.00700,2022-04-01 11:24:00,371.2,371.4,371.4,371.0,20400,7572843.0,0.0,0.0,371.2
115,HK.00700,2022-04-01 11:25:00,371.4,371.2,371.4,371.2,5500,2041624.2,0.0,0.0,371.4
116,HK.00700,2022-04-01 11:26:00,371.2,371.2,371.2,371.2,9700,3600640.0,0.0,0.0,371.2
117,HK.00700,2022-04-01 11:27:00,371.4,371.8,371.8,371.4,7300,2711980.0,0.0,0.0,371.2
118,HK.00700,2022-04-01 11:28:00,371.8,371.8,371.8,371.6,6700,2490900.0,0.0,0.0,371.8
119,HK.00700,2022-04-01 11:29:00,371.8,371.2,371.8,371.2,10300,3826450.0,0.0,0.0,371.8
120,HK.00700,2022-04-01 11:30:00,371.2,370.8,371.2,370.6,16300,6046860.0,0.0,0.0,371.2
121,HK.00700,2022-04-01 11:31:00,370.8,370.6,370.8,370.6,8400,3113140.0,0.0,0.0,370.8
122,HK.00700,2022-04-01 11:32:00,370.6,370.8,370.8,370.6,25600,9489460.0,0.0,0.0,370.6
123,HK.00700,2022-04-01 11:33:00,370.8,371.4,371.4,370.8,32000,11876320.0,0.0,0.0,370.8
124,HK.00700,2022-04-01 11:34:00,371.6,371.0,371.8,371.0,19100,7095810.0,0.0,0.0,371.4
125,HK.00700,2022-04-01 11:35:00,371.2,370.6,371.2,370.6,8500,3153120.0,0.0,0.0,371.0
126,HK.00700,2022-04-01 11:36:00,370.8,370.8,370.8,370.6,7600,2818052.0,0.0,0.0,370.6
127,HK.00700,2022-04-01 11:37:00,370.6,371.0,371.0,370.6,17400,6452280.0,0.0,0.0,370.8
128,HK.00700,2022-04-01 11:38:00,371.0,371.2,371.2,371.0,6700,2486582.4,0.0,0.0,371.0
129,HK.00700,2022-04-01 11:39:00,371.0,370.8,371.0,370.8,4400,1632260.0,0.0,0.0,371.2
130,HK.00700,2022-04-01 11:40:00,370.8,371.6,372.0,370.8,62100,23079730.0,0.0,0.0,370.8
131,HK.00700,2022-04-01 11:41:00,371.8,371.8,371.8,371.6,4500,1673020.0,0.0,0.0,371.6
132,HK.00700,2022-04-01 11:42:00,371.8,371.2,371.8,371.0,34300,12740420.0,0.0,0.0,371.8
133,HK.00700,2022-04-01 11:43:00,371.2,371.4,371.4,371.2,2500,928495.9,0.0,0.0,371.2
134,HK.00700,2022-04-01 11:44:00,371.6,371.8,371.8,371.6,7300,2713080.0,0.0,0.0,371.4
135,HK.00700,2022-04-01 11:45:00,371.6,371.8,372.0,371.6,3500,1301242.0,0.0,0.0,371.8
136,HK.00700,2022-04-01 11:46:00,372.0,372.0,372.4,372.0,37200,13840740.0,0.0,0.0,371.8
137,HK.00700,2022-04-01 11:47:00,372.0,371.6,372.0,371.6,2000,740700.0,0.0,0.0,372.0
138,HK.00700,2022-04-01 11:48:00,371.6,371.6,371.6,371.4,4900,1820820.0,0.0,0.0,371.6
139,HK.00700,2022-04-01 11:49:00,371.8,372.0,372.4,371.6,24100,8970440.0,0.0,0.0,371.6
140,HK.00700,2022-04-01 11:50:00,372.0,372.2,372.4,372.0,8700,3237950.0,0.0,0.0,372.0
141,HK.00700,2022-04-01 11:51:00,372.2,372.0,372.4,371.8,9000,3349300.0,0.0,0.0,372.2
142,HK.00700,2022-04-01 11:52:00,372.0,372.0,372.0,371.8,6900,2565760.0,0.0,0.0,372.0
143,HK.00700,2022-04-01 11:53:00,372.0,372.0,372.2,372.0,10300,3831620.0,0.0,0.0,372.0
144,HK.00700,2022-04-01 11:54:00,372.0,371.6,372.0,371.4,19600,7286090.0,0.0,0.0,372.0
145,HK.00700,2022-04-01 11:55:00,371.6,372.0,372.0,371.6,19200,7138181.1,0.0,0.0,371.6
146,HK.00700,2022-04-01 11:56:00,372.2,371.8,372.6,371.6,83700,31154845.0,0.0,0.0,372.0
147,HK.00700,2022-04-01 11:57:00,371.8,371.8,372.0,371.6,19400,7214900.0,0.0,0.0,371.8
148,HK.00700,2022-04-01 11:58:00,371.6,371.4,371.8,371.4,4600,1709320.0,0.0,0.0,371.8
149,HK.00700,2022-04-01 11:59:00,371.4,371.8,371.8,371.4,20900,7765480.0,0.0,0.0,371.4
150,HK.00700,2022-04-01 12:00:00,372.0,372.2,372.4,372.0,19900,7406120.0,0.0,0.0,371.8
151,HK.00700,2022-04-01 13:01:00,372.2,371.2,372.4,370.8,36100,13416370.0,0.0,0.0,372.2
152,HK.00700,2022-04-01 13:02:00,371.2,371.2,371.2,371.0,8200,3042750.0,0.0,0.0,371.2
153,HK.00700,2022-04-01 13:03:00,371.2,371.0,371.2,371.0,2500,927650.0,0.0,0.0,371.2
154,HK.00700,2022-04-01 13:04:00,371.0,371.0,371.0,370.4,59400,22021619.2,0.0,0.0,371.0
155,HK.00700,2022-04-01 13:05:00,371.0,371.2,371.2,370.6,42500,15763995.9,0.0,0.0,371.0
156,HK.00700,2022-04-01 13:06:00,371.4,371.8,371.8,371.2,10000,3715830.0,0.0,0.0,371.2
157,HK.00700,2022-04-01 13:07:00,371.8,372.4,372.4,371.8,11000,4093130.0,0.0,0.0,371.8
158,HK.00700,2022-04-01 13:08:00,372.4,371.8,372.6,371.8,37700,14037710.0,0.0,0.0,372.4
159,HK.00700,2022-04-01 13:09:00,371.8,372.0,372.4,371.8,14000,5209040.0,0.0,0.0,371.8
160,HK.00700,2022-04-01 13:10:00,372.2,372.4,372.4,372.2,9800,3648270.0,0.0,0.0,372.0
161,HK.00700,2022-04-01 13:11:00,372.4,372.0,372.4,372.0,11500,4280690.0,0.0,0.0,372.4
162,HK.00700,2022-04-01 13:12:00,372.0,372.0,372.0,372.0,4200,1562440.0,0.0,0.0,372.0
163,HK.00700,2022-04-01 13:13:00,372.0,372.2,372.6,372.0,20000,7444020.0,0.0,0.0,372.0
164,HK.00700,2022-04-01 13:14:00,372.4,372.6,372.6,372.2,5400,2011050.0,0.0,0.0,372.2
165,HK.00700,2022-04-01 13:15:00,372.6,372.6,372.6,372.4,1500,558712.8,0.0,0.0,372.6
166,HK.00700,2022-04-01 13:16:00,372.4,371.8,372.8,371.8,55000,20490720.0,0.0,0.0,372.6
167,HK.00700,2022-04-01 13:17:00,372.0,371.8,372.0,371.8,1000,371950.0,0.0,0.0,371.8
168,HK.00700,2022-04-01 13:18:00,371.8,371.4,371.8,371.2,13900,5165610.0,0.0,0.0,371.8
169,HK.00700,2022-04-01 13:19:00,371.4,371.4,371.6,371.4,2500,928690.0,0.0,0.0,371.4
170,HK.00700,2022-04-01 13:20:00,371.4,371.6,371.6,371.4,1600,594520.0,0.0,0.0,371.4
171,HK.00700,2022-04-01 13:21:00,371.6,371.6,371.6,371.4,1700,631550.0,0.0,0.0,371.6
172,HK.00700,2022-04-01 13:22:00,371.4,371.0,371.6,371.0,34300,12733590.0,0.0,0.0,371.6
173,HK.00700,2022-04-01 13:23:00,371.0,371.0,371.2,371.0,41900,15550840.0,0.0,0.0,371.0
174,HK.00700,2022-04-01 13:24:00,371.2,371.0,371.2,370.8,6300,2336760.0,0.0,0.0,371.0
175,HK.00700,2022-04-01 13:25:00,371.0,370.4,371.0,370.4,13200,4893694.9,0.0,0.0,371.0
176,HK.00700,2022-04-01 13:26:00,370.6,370.8,370.8,370.4,25000,9264940.0,0.0,0.0,370.4
177,HK.00700,2022-04-01 13:27:00,370.6,370.2,370.8,370.2,18200,6743100.0,0.0,0.0,370.8
178,HK.00700,2022-04-01 13:28:00,370.4,370.2,370.4,370.0,24800,9180180.0,0.0,0.0,370.2
179,HK.00700,2022-04-01 13:29:00,370.2,370.0,370.2,370.0,20200,7475250.0,0.0,0.0,370.2
180,HK.00700,2022-04-01 13:30:00,370.2,370.2,370.2,370.0,1300,481150.0,0.0,0.0,370.0
181,HK.00700,2022-04-01 13:31:00,370.2,370.6,370.6,370.0,80700,29884590.0,0.0,0.0,370.2
182,HK.00700,2022-04-01 13:32:00,370.6,370.2,370.6,370.0,11100,4110710.0,0.0,0.0,370.6
183,HK.00700,2022-04-01 13:33:00,370.2,370.2,370.2,370.0,11900,4404190.0,0.0,0.0,370.2
184,HK.00700,2022-04-01 13:34:00,370.0,370.0,370.2,369.8,32900,12171640.0,0.0,0.0,370.2
185,HK.00700,2022-04-01 13:35:00,369.8,369.8,370.0,369.6,21600,7987776.3,0.0,0.0,370.0
186,HK.00700,2022-04-01 13:36:00,369.8,369.8,369.8,369.6,21900,8095650.0,0.0,0.0,369.8
187,HK.00700,2022-04-01 13:37:00,369.6,369.2,369.8,369.2,139600,51587210.0,0.0,0.0,369.8
188,HK.00700,2022-04-01 13:38:00,369.4,369.6,369.6,369.4,14000,5171980.0,0.0,0.0,369.2
189,HK.00700,2022-04-01 13:39:00,369.6,369.6,369.8,369.4,49400,18259590.0,0.0,0.0,369.6
190,HK.00700,2022-04-01 13:40:00,369.6,369.6,369.6,369.4,2600,960850.0,0.0,0.0,369.6
191,HK.00700,2022-04-01 13:41:00,369.6,369.4,369.6,369.4,1800,665190.0,0.0,0.0,369.6
192,HK.00700,2022-04-01 13:42:00,369.6,370.0,370.0,369.6,71500,26430680.0,0.0,0.0,369.4
193,HK.00700,2022-04-01 13:43:00,370.0,371.2,371.2,370.0,61200,22665040.0,0.0,0.0,370.0
194,HK.00700,2022-04-01 13:44:00,371.2,370.4,371.2,370.4,20300,7527330.0,0.0,0.0,371.2
195,HK.00700,2022-04-01 13:45:00,370.4,370.0,370.4,369.8,14900,5514037.1,0.0,0.0,370.4
196,HK.00700,2022-04-01 13:46:00,370.0,370.4,370.6,370.0,43600,16139540.0,0.0,0.0,370.0
197,HK.00700,2022-04-01 13:47:00,370.4,370.8,370.8,370.4,29100,10783130.0,0.0,0.0,370.4
198,HK.00700,2022-04-01 13:48:00,370.6,369.8,370.6,369.6,32400,11992700.0,0.0,0.0,370.8
199,HK.00700,2022-04-01 13:49:00,369.8,370.0,370.8,369.6,178100,65963410.0,0.0,0.0,369.8
200,HK.00700,2022-04-01 13:50:00,370.0,369.8,370.0,369.8,12200,4512330.0,0.0,0.0,370.0
201,HK.00700,2022-04-01 13:51:00,369.8,369.6,369.8,369.6,1900,702580.0,0.0,0.0,369.8
202,HK.00700,2022-04-01 13:52:00,369.6,369.8,369.8,369.6,2400,887290.0,0.0,0.0,369.6
203,HK.00700,2022-04-01 13:53:00,369.6,369.8,369.8,369.6,1400,517650.0,0.0,0.0,369.8
204,HK.00700,2022-04-01 13:54:00,369.8,369.6,369.8,369.6,29500,10903430.0,0.0,0.0,369.8
205,HK.00700,2022-04-01 13:55:00,369.6,369.4,369.6,369.2,10300,3804731.5,0.0,0.0,369.6
206,HK.00700,2022-04-01 13:56:00,369.2,369.2,369.4,369.2,7900,2918060.0,0.0,0.0,369.4
207,HK.00700,2022-04-01 13:57:00,369.4,370.0,370.2,369.2,73700,27235080.0,0.0,0.0,369.2
208,HK.00700,2022-04-01 13:58:00,370.2,371.2,371.2,370.0,21900,8115050.0,0.0,0.0,370.0
209,HK.00700,2022-04-01 13:59:00,371.2,370.4,371.2,369.8,37000,13706620.0,0.0,0.0,371.2
210,HK.00700,2022-04-01 14:00:00,370.4,370.6,370.6,370.4,7400,2741260.0,0.0,0.0,370.4
211,HK.00700,2022-04-01 14:01:00,370.4,370.6,370.6,370.4,9600,3556030.0,0.0,0.0,370.6
212,HK.00700,2022-04-01 14:02:00,370.6,370.0,370.6,370.0,13100,4850560.0,0.0,0.0,370.6
213,HK.00700,2022-04-01 14:03:00,370.0,371.8,372.0,370.0,115900,43028210.0,0.0,0.0,370.0
214,HK.00700,2022-04-01 14:04:00,371.6,371.6,371.8,371.2,22200,8247980.0,0.0,0.0,371.8
215,HK.00700,2022-04-01 14:05:00,371.4,371.6,371.8,371.4,10700,3976350.0,0.0,0.0,371.6
216,HK.00700,2022-04-01 14:06:00,371.6,371.8,371.8,371.6,5600,2081397.5,0.0,0.0,371.6
217,HK.00700,2022-04-01 14:07:00,371.8,372.0,372.0,371.8,4600,1710400.0,0.0,0.0,371.8
218,HK.00700,2022-04-01 14:08:00,372.0,371.6,372.0,371.4,21300,7917350.0,0.0,0.0,372.0
219,HK.00700,2022-04-01 14:09:00,371.6,372.0,372.0,371.6,19800,7360120.0,0.0,0.0,371.6
220,HK.00700,2022-04-01 14:10:00,371.8,372.0,372.0,371.8,12600,4684810.0,0.0,0.0,372.0
221,HK.00700,2022-04-01 14:11:00,371.8,371.8,371.8,371.6,8400,3123020.0,0.0,0.0,372.0
222,HK.00700,2022-04-01 14:12:00,371.6,371.8,371.8,371.6,1400,520430.0,0.0,0.0,371.8
223,HK.00700,2022-04-01 14:13:00,371.6,371.8,371.8,371.6,27400,10182140.0,0.0,0.0,371.8
224,HK.00700,2022-04-01 14:14:00,371.6,371.6,371.8,371.4,17500,6501270.0,0.0,0.0,371.8
225,HK.00700,2022-04-01 14:15:00,371.4,372.0,372.0,371.0,53900,20017780.0,0.0,0.0,371.6
226,HK.00700,2022-04-01 14:16:00,371.8,371.4,371.8,371.2,12500,4644820.0,0.0,0.0,372.0
227,HK.00700,2022-04-01 14:17:00,371.4,371.8,371.8,371.4,23400,8693710.0,0.0,0.0,371.4
228,HK.00700,2022-04-01 14:18:00,371.6,371.6,371.8,371.4,13700,5090912.8,0.0,0.0,371.8
229,HK.00700,2022-04-01 14:19:00,371.6,372.6,372.6,371.6,57200,21280130.0,0.0,0.0,371.6
230,HK.00700,2022-04-01 14:20:00,372.4,371.8,372.4,371.8,23600,8781930.0,0.0,0.0,372.6
231,HK.00700,2022-04-01 14:21:00,372.0,371.8,372.0,371.8,6900,2565760.0,0.0,0.0,371.8
232,HK.00700,2022-04-01 14:22:00,371.8,372.6,372.8,371.8,73100,27233890.0,0.0,0.0,371.8
233,HK.00700,2022-04-01 14:23:00,372.8,372.8,372.8,372.2,24000,8941270.0,0.0,0.0,372.6
234,HK.00700,2022-04-01 14:24:00,372.6,372.4,372.8,372.4,10900,4061670.0,0.0,0.0,372.8
235,HK.00700,2022-04-01 14:25:00,372.4,372.8,372.8,372.4,41000,15283400.0,0.0,0.0,372.4
236,HK.00700,2022-04-01 14:26:00,372.8,373.0,373.0,372.6,128200,47794050.0,0.0,0.0,372.8
237,HK.00700,2022-04-01 14:27:00,373.0,373.0,373.0,372.8,3300,1230630.0,0.0,0.0,373.0
238,HK.00700,2022-04-01 14:28:00,373.0,373.6,373.8,372.8,65700,24524300.0,0.0,0.0,373.0
239,HK.00700,2022-04-01 14:29:00,373.8,373.2,373.8,373.2,26600,9934830.0,0.0,0.0,373.6
240,HK.00700,2022-04-01 14:30:00,373.2,373.4,373.4,372.8,30700,11457190.0,0.0,0.0,373.2
241,HK.00700,2022-04-01 14:31:00,373.4,373.8,373.8,373.2,125100,46750210.0,0.0,0.0,373.4
242,HK.00700,2022-04-01 14:32:00,373.8,373.6,373.8,373.6,32400,12105110.0,0.0,0.0,373.8
243,HK.00700,2022-04-01 14:33:00,373.4,373.0,373.4,372.8,25000,9327000.0,0.0,0.0,373.6
244,HK.00700,2022-04-01 14:34:00,372.8,372.8,373.0,372.8,18800,7009180.0,0.0,0.0,373.0
245,HK.00700,2022-04-01 14:35:00,372.8,372.6,373.0,372.6,26200,9767940.0,0.0,0.0,372.8
246,HK.00700,2022-04-01 14:36:00,372.8,373.0,373.4,372.8,36800,13725790.0,0.0,0.0,372.6
247,HK.00700,2022-04-01 14:37:00,373.0,373.6,373.8,373.0,36200,13511380.0,0.0,0.0,373.0
248,HK.00700,2022-04-01 14:38:00,373.6,373.8,373.8,373.6,13700,5118500.0,0.0,0.0,373.6
249,HK.00700,2022-04-01 14:39:00,373.8,373.8,373.8,373.4,28600,10685830.0,0.0,0.0,373.8
250,HK.00700,2022-04-01 14:40:00,373.6,373.6,373.8,373.6,6500,2428530.0,0.0,0.0,373.8
251,HK.00700,2022-04-01 14:41:00,373.6,373.6,373.6,373.4,46600,17409150.0,0.0,0.0,373.6
252,HK.00700,2022-04-01 14:42:00,373.6,373.6,373.8,373.4,15200,5678510.0,0.0,0.0,373.6
253,HK.00700,2022-04-01 14:43:00,373.8,374.0,374.4,373.6,282100,105501870.0,0.0,0.0,373.6
254,HK.00700,2022-04-01 14:44:00,374.0,373.6,374.0,373.4,27200,10165550.0,0.0,0.0,374.0
255,HK.00700,2022-04-01 14:45:00,373.4,373.4,373.4,373.0,14300,5338660.0,0.0,0.0,373.6
256,HK.00700,2022-04-01 14:46:00,373.6,373.8,373.8,373.2,31000,11581070.0,0.0,0.0,373.4
257,HK.00700,2022-04-01 14:47:00,373.8,374.4,374.4,373.6,68700,25701680.0,0.0,0.0,373.8
258,HK.00700,2022-04-01 14:48:00,374.4,374.8,375.0,374.4,53800,20168040.0,0.0,0.0,374.4
259,HK.00700,2022-04-01 14:49:00,374.8,375.4,375.6,374.8,50600,18975330.0,0.0,0.0,374.8
260,HK.00700,2022-04-01 14:50:00,375.6,375.0,375.8,375.0,68100,25576850.0,0.0,0.0,375.4
261,HK.00700,2022-04-01 14:51:00,375.0,375.4,375.6,375.0,21900,8220970.0,0.0,0.0,375.0
262,HK.00700,2022-04-01 14:52:00,375.4,375.6,375.8,375.4,45500,17094670.0,0.0,0.0,375.4
263,HK.00700,2022-04-01 14:53:00,375.6,375.2,375.8,375.0,81400,30574430.0,0.0,0.0,375.6
264,HK.00700,2022-04-01 14:54:00,375.2,375.4,375.4,375.2,5900,2214580.0,0.0,0.0,375.2
265,HK.00700,2022-04-01 14:55:00,375.2,374.4,375.4,374.0,67600,25328170.0,0.0,0.0,375.4
266,HK.00700,2022-04-01 14:56:00,374.4,374.6,374.6,374.4,5900,2209850.0,0.0,0.0,374.4
267,HK.00700,2022-04-01 14:57:00,374.6,374.8,374.8,374.6,18100,6780470.0,0.0,0.0,374.6
268,HK.00700,2022-04-01 14:58:00,374.8,374.0,374.8,374.0,23700,8874680.0,0.0,0.0,374.8
269,HK.00700,2022-04-01 14:59:00,374.2,374.0,374.2,374.0,4100,1533670.0,0.0,0.0,374.0
270,HK.00700,2022-04-01 15:00:00,374.0,374.0,374.0,373.2,52500,19621330.0,0.0,0.0,374.0
271,HK.00700,2022-04-01 15:01:00,374.0,373.8,374.2,373.4,38400,14349130.0,0.0,0.0,374.0
272,HK.00700,2022-04-01 15:02:00,373.8,373.8,374.0,373.8,3300,1233630.0,0.0,0.0,373.8
273,HK.00700,2022-04-01 15:03:00,374.0,373.8,374.0,373.6,10400,3887710.0,0.0,0.0,373.8
274,HK.00700,2022-04-01 15:04:00,373.8,373.8,373.8,373.6,3100,1158520.0,0.0,0.0,373.8
275,HK.00700,2022-04-01 15:05:00,373.8,374.0,374.2,373.8,9800,3664180.0,0.0,0.0,373.8
276,HK.00700,2022-04-01 15:06:00,374.2,373.8,374.6,373.6,112500,42099598.8,0.0,0.0,374.0
277,HK.00700,2022-04-01 15:07:00,374.0,374.0,374.4,373.6,36200,13539650.0,0.0,0.0,373.8
278,HK.00700,2022-04-01 15:08:00,374.0,373.8,374.4,373.8,14400,5387500.0,0.0,0.0,374.0
279,HK.00700,2022-04-01 15:09:00,374.0,374.0,374.4,374.0,10000,3742020.0,0.0,0.0,373.8
280,HK.00700,2022-04-01 15:10:00,374.0,374.2,374.4,373.8,15900,5947760.0,0.0,0.0,374.0
281,HK.00700,2022-04-01 15:11:00,374.2,374.2,374.4,374.2,2500,935870.0,0.0,0.0,374.2
282,HK.00700,2022-04-01 15:12:00,374.4,374.0,374.6,373.8,26700,9992170.0,0.0,0.0,374.2
283,HK.00700,2022-04-01 15:13:00,374.2,374.2,374.4,374.2,23900,8946690.0,0.0,0.0,374.0
284,HK.00700,2022-04-01 15:14:00,374.4,374.2,374.4,374.2,17200,6439420.0,0.0,0.0,374.2
285,HK.00700,2022-04-01 15:15:00,374.4,374.8,375.0,374.2,41000,15362410.0,0.0,0.0,374.2
286,HK.00700,2022-04-01 15:16:00,374.6,374.6,374.8,374.2,23100,8654520.0,0.0,0.0,374.8
287,HK.00700,2022-04-01 15:17:00,374.6,375.2,375.4,374.6,36000,13500150.0,0.0,0.0,374.6
288,HK.00700,2022-04-01 15:18:00,375.4,375.2,375.6,375.2,26900,10097694.0,0.0,0.0,375.2
289,HK.00700,2022-04-01 15:19:00,375.4,374.8,375.4,374.8,18300,6865380.0,0.0,0.0,375.2
290,HK.00700,2022-04-01 15:20:00,375.0,374.8,375.0,374.8,5600,2099280.0,0.0,0.0,374.8
291,HK.00700,2022-04-01 15:21:00,374.8,375.8,375.8,374.8,40400,15162420.0,0.0,0.0,374.8
292,HK.00700,2022-04-01 15:22:00,375.6,375.6,375.6,375.2,41700,15657540.0,0.0,0.0,375.8
293,HK.00700,2022-04-01 15:23:00,375.6,375.6,375.6,375.4,4100,1539430.0,0.0,0.0,375.6
294,HK.00700,2022-04-01 15:24:00,375.6,375.8,375.8,375.4,18100,6798840.0,0.0,0.0,375.6
295,HK.00700,2022-04-01 15:25:00,375.6,375.4,375.8,375.4,60300,22645080.0,0.0,0.0,375.8
296,HK.00700,2022-04-01 15:26:00,375.6,375.6,375.6,375.4,11200,4205370.0,0.0,0.0,375.4
297,HK.00700,2022-04-01 15:27:00,375.4,375.2,375.6,375.2,31300,11746390.0,0.0,0.0,375.6
298,HK.00700,2022-04-01 15:28:00,375.0,375.4,375.4,375.0,20100,7541210.0,0.0,0.0,375.2
299,HK.00700,2022-04-01 15:29:00,375.2,375.2,375.4,375.2,8600,3226990.0,0.0,0.0,375.4
300,HK.00700,2022-04-01 15:30:00,375.2,375.2,375.4,375.0,32800,12305841.5,0.0,0.0,375.2
301,HK.00700,2022-04-01 15:31:00,375.0,374.8,375.0,374.6,42400,15894760.0,0.0,0.0,375.2
302,HK.00700,2022-04-01 15:32:00,374.6,374.6,374.8,374.2,76000,28465310.0,0.0,0.0,374.8
303,HK.00700,2022-04-01 15:33:00,374.6,374.2,374.8,374.0,44300,16587390.0,0.0,0.0,374.6
304,HK.00700,2022-04-01 15:34:00,374.2,374.0,374.4,374.0,22700,8493220.0,0.0,0.0,374.2
305,HK.00700,2022-04-01 15:35:00,374.0,374.0,374.2,374.0,29800,11150280.0,0.0,0.0,374.0
306,HK.00700,2022-04-01 15:36:00,374.0,374.4,374.4,374.0,25800,9654340.0,0.0,0.0,374.0
307,HK.00700,2022-04-01 15:37:00,374.4,374.0,374.4,374.0,17100,6398920.0,0.0,0.0,374.4
308,HK.00700,2022-04-01 15:38:00,374.0,374.2,374.2,374.0,32500,12155190.0,0.0,0.0,374.0
309,HK.00700,2022-04-01 15:39:00,374.0,374.2,374.2,374.0,9100,3403730.0,0.0,0.0,374.2
310,HK.00700,2022-04-01 15:40:00,374.0,374.0,374.2,374.0,15500,5799100.0,0.0,0.0,374.2
311,HK.00700,2022-04-01 15:41:00,374.2,373.8,374.2,373.8,48300,18065760.0,0.0,0.0,374.0
312,HK.00700,2022-04-01 15:42:00,373.8,373.8,374.0,373.8,4900,1831800.0,0.0,0.0,373.8
313,HK.00700,2022-04-01 15:43:00,373.8,374.0,374.0,373.8,8100,3028340.0,0.0,0.0,373.8
314,HK.00700,2022-04-01 15:44:00,374.0,374.2,374.2,373.8,25900,9685480.0,0.0,0.0,374.0
315,HK.00700,2022-04-01 15:45:00,374.2,374.8,374.8,374.0,81600,30550250.0,0.0,0.0,374.2
316,HK.00700,2022-04-01 15:46:00,374.8,375.2,375.2,374.6,74400,27890290.0,0.0,0.0,374.8
317,HK.00700,2022-04-01 15:47:00,375.0,374.6,375.2,374.4,32300,12105640.0,0.0,0.0,375.2
318,HK.00700,2022-04-01 15:48:00,374.4,375.0,375.0,374.4,17100,6408070.0,0.0,0.0,374.6
319,HK.00700,2022-04-01 15:49:00,375.0,375.4,375.6,374.8,48900,18346140.0,0.0,0.0,375.0
320,HK.00700,2022-04-01 15:50:00,375.4,375.8,375.8,375.4,57900,21755540.0,0.0,0.0,375.4
321,HK.00700,2022-04-01 15:51:00,375.8,375.8,376.0,375.6,117700,44232870.0,0.0,0.0,375.8
322,HK.00700,2022-04-01 15:52:00,376.0,376.2,376.6,375.8,86300,32469880.0,0.0,0.0,375.8
323,HK.00700,2022-04-01 15:53:00,376.4,376.6,377.0,376.2,95300,35898500.0,0.0,0.0,376.2
324,HK.00700,2022-04-01 15:54:00,376.6,377.4,377.4,376.6,117300,44221390.0,0.0,0.0,376.6
325,HK.00700,2022-04-01 15:55:00,377.4,377.6,377.8,377.4,126500,47772910.0,0.0,0.0,377.4
326,HK.00700,2022-04-01 15:56:00,377.8,377.8,377.8,377.0,132600,50054010.0,0.0,0.0,377.6
327,HK.00700,2022-04-01 15:57:00,377.6,377.6,377.8,377.6,177200,66940790.0,0.0,0.0,377.8
328,HK.00700,2022-04-01 15:58:00,377.8,378.8,378.8,377.6,207100,78333590.0,0.0,0.0,377.6
329,HK.00700,2022-04-01 15:59:00,378.8,378.0,378.8,377.6,324000,122573640.0,0.0,0.0,378.8
330,HK.00700,2022-04-01 16:00:00,378.0,378.8,378.8,377.6,2131700,807324800.0,0.0,0.0,378.0
